<Package>
  <Chunk Id="1000" Marker="Launch">
    <FileGroup DestinationPath="." SourcePath="." Include="BlackOps3.exe" />
    <FileGroup DestinationPath="." SourcePath="." Include="MicrosoftGame.config" />
    <FileGroup DestinationPath="." SourcePath="." Include="cod.bmp" />
    <FileGroup DestinationPath="." SourcePath="." Include="codlogo.bmp" />
    <FileGroup DestinationPath="." SourcePath="." Include="SmallLogo.png" />
    <FileGroup DestinationPath="." SourcePath="." Include="SplashScreen.png" />
    <FileGroup DestinationPath="." SourcePath="." Include="StoreLogo.png" />
    <FileGroup DestinationPath="." SourcePath="." Include="GraphicsLogo.png" />
    <FileGroup DestinationPath="." SourcePath="." Include="LargeLogo.png" />
    <FileGroup DestinationPath="." SourcePath="." Include="d3dcompiler_46.dll" />
    <FileGroup DestinationPath="." SourcePath="." Include="XCurl.dll" />
    <FileGroup DestinationPath="." SourcePath="." Include="Party.dll" />
    <FileGroup DestinationPath="." SourcePath="." Include="PartyXboxLive.dll" />
    <FileGroup DestinationPath="." SourcePath="." Include="PlayFabMultiplayerGDK.dll" />
    <FileGroup DestinationPath="." SourcePath="." Include="GameChat2.dll" />
    <FileGroup DestinationPath="." SourcePath="." Include="libScePad.dll" />
    <FileGroup DestinationPath="." SourcePath="." Include="game.icn" />
	<FileGroup DestinationPath="." SourcePath="." Include="resources.pri" />	
	<FileGroup DestinationPath=".\video" SourcePath=".\video" Include="BO3_Global_Logo_LogoSequence.mkv" />
    <FileGroup DestinationPath=".\zone" SourcePath=".\zone" Include="base_patch_tu32.xpak" /> 
    <FileGroup DestinationPath=".\zone" SourcePath=".\zone" Include="base.xpak" /> 
	<FileGroup DestinationPath=".\zone" SourcePath=".\zone" Include="core_all.ff" /> 
	<FileGroup DestinationPath=".\zone" SourcePath=".\zone" Include="core_common.ff" /> 
	<FileGroup DestinationPath=".\zone" SourcePath=".\zone" Include="core_common.xpak" /> 
	<FileGroup DestinationPath=".\zone" SourcePath=".\zone" Include="core_frontend.ff" /> 
	<FileGroup DestinationPath=".\zone" SourcePath=".\zone" Include="core_frontend.xpak" /> 
	<FileGroup DestinationPath=".\zone" SourcePath=".\zone" Include="core_frontend_patch.ff" /> 
	<FileGroup DestinationPath=".\zone" SourcePath=".\zone" Include="core_frontend_patch.xpak" /> 
	<FileGroup DestinationPath=".\zone" SourcePath=".\zone" Include="core_gfx.ff" /> 
	<FileGroup DestinationPath=".\zone" SourcePath=".\zone" Include="core_gfx.xpak" /> 
	<FileGroup DestinationPath=".\zone" SourcePath=".\zone" Include="core_patch.ff" /> 
	<FileGroup DestinationPath=".\zone" SourcePath=".\zone" Include="core_patch.xpak" /> 
	<FileGroup DestinationPath=".\zone" SourcePath=".\zone" Include="core_post_gfx.ff" /> 
	<FileGroup DestinationPath=".\zone" SourcePath=".\zone" Include="core_pre_gfx.ff" /> 
	<FileGroup DestinationPath=".\zone" SourcePath=".\zone" Include="core_pre_gfx.xpak" /> 
	<FileGroup DestinationPath=".\zone" SourcePath=".\zone" Include="core_specialists.ff" /> 
	<FileGroup DestinationPath=".\zone" SourcePath=".\zone" Include="core_specialists.xpak" /> 
	<FileGroup DestinationPath=".\zone" SourcePath=".\zone" Include="core_ui.ff" /> 
	<FileGroup DestinationPath=".\zone" SourcePath=".\zone" Include="core_ui.xpak" /> 
	<FileGroup DestinationPath=".\zone" SourcePath=".\zone" Include="initial.xpak" />
	<FileGroup DestinationPath=".\zone\snd\all" SourcePath=".\zone\snd\all" Include="core_frontend.all.sabl" /> 
	<FileGroup DestinationPath=".\zone\snd\all" SourcePath=".\zone\snd\all" Include="core_frontend.all.sabs" /> 
	<FileGroup DestinationPath=".\zone\snd\all" SourcePath=".\zone\snd\all" Include="core_frontend_patch.all.sabl" /> 
	<FileGroup DestinationPath=".\zone\snd\all" SourcePath=".\zone\snd\all" Include="core_frontend_patch.all.sabs" /> 
	<FileGroup DestinationPath=".\zone\snd\all" SourcePath=".\zone\snd\all" Include="core_patch.all.sabl" /> 
	<FileGroup DestinationPath=".\zone\snd\all" SourcePath=".\zone\snd\all" Include="core_patch.all.sabs" /> 
	<FileGroup DestinationPath=".\zone\snd\all" SourcePath=".\zone\snd\all" Include="core_post_gfx.all.sabl" /> 
	<FileGroup DestinationPath=".\zone\snd\all" SourcePath=".\zone\snd\all" Include="core_post_gfx.all.sabs" /> 
	<FileGroup DestinationPath=".\zone\snd\all" SourcePath=".\zone\snd\all" Include="core_ui.all.sabl" /> 
	<FileGroup DestinationPath=".\zone\snd\all" SourcePath=".\zone\snd\all" Include="core_ui.all.sabs" />
  </Chunk>
  <Chunk Id="5000" Languages="en;ja-JP;zh-HK;zh-SG;pl-PL">
	<FileGroup DestinationPath=".\zone\snd\en" SourcePath=".\zone\snd\en" Include="core_frontend.en.sabl" /> 
	<FileGroup DestinationPath=".\zone\snd\en" SourcePath=".\zone\snd\en" Include="core_frontend.en.sabs" /> 
	<FileGroup DestinationPath=".\zone\snd\en" SourcePath=".\zone\snd\en" Include="core_frontend_patch.en.sabl" /> 
	<FileGroup DestinationPath=".\zone\snd\en" SourcePath=".\zone\snd\en" Include="core_frontend_patch.en.sabs" /> 
	<FileGroup DestinationPath=".\zone\snd\en" SourcePath=".\zone\snd\en" Include="core_patch.en.sabl" /> 
	<FileGroup DestinationPath=".\zone\snd\en" SourcePath=".\zone\snd\en" Include="core_patch.en.sabs" /> 
	<FileGroup DestinationPath=".\zone\snd\en" SourcePath=".\zone\snd\en" Include="core_post_gfx.en.sabl" /> 
	<FileGroup DestinationPath=".\zone\snd\en" SourcePath=".\zone\snd\en" Include="core_post_gfx.en.sabs" /> 
	<FileGroup DestinationPath=".\zone\snd\en" SourcePath=".\zone\snd\en" Include="core_ui.en.sabl" /> 
	<FileGroup DestinationPath=".\zone\snd\en" SourcePath=".\zone\snd\en" Include="core_ui.en.sabs" />
  </Chunk>
  <Chunk Id="2500" Languages="de">
	<FileGroup DestinationPath=".\zone\snd\ge" SourcePath=".\zone\snd\ge" Include="core_frontend.ge.sabl" /> 
	<FileGroup DestinationPath=".\zone\snd\ge" SourcePath=".\zone\snd\ge" Include="core_frontend.ge.sabs" /> 
	<FileGroup DestinationPath=".\zone\snd\ge" SourcePath=".\zone\snd\ge" Include="core_frontend_patch.ge.sabl" /> 
	<FileGroup DestinationPath=".\zone\snd\ge" SourcePath=".\zone\snd\ge" Include="core_frontend_patch.ge.sabs" /> 
	<FileGroup DestinationPath=".\zone\snd\ge" SourcePath=".\zone\snd\ge" Include="core_patch.ge.sabl" /> 
	<FileGroup DestinationPath=".\zone\snd\ge" SourcePath=".\zone\snd\ge" Include="core_patch.ge.sabs" /> 
	<FileGroup DestinationPath=".\zone\snd\ge" SourcePath=".\zone\snd\ge" Include="core_post_gfx.ge.sabl" /> 
	<FileGroup DestinationPath=".\zone\snd\ge" SourcePath=".\zone\snd\ge" Include="core_post_gfx.ge.sabs" /> 
	<FileGroup DestinationPath=".\zone\snd\ge" SourcePath=".\zone\snd\ge" Include="core_ui.ge.sabl" /> 
	<FileGroup DestinationPath=".\zone\snd\ge" SourcePath=".\zone\snd\ge" Include="core_ui.ge.sabs" />
	<FileGroup DestinationPath=".\zone" SourcePath=".\zone" Include="ge_core_all.ff" /> 
	<FileGroup DestinationPath=".\zone" SourcePath=".\zone" Include="ge_core_common.ff" /> 
	<FileGroup DestinationPath=".\zone" SourcePath=".\zone" Include="ge_core_common.xpak" /> 
	<FileGroup DestinationPath=".\zone" SourcePath=".\zone" Include="ge_core_frontend.ff" /> 
	<FileGroup DestinationPath=".\zone" SourcePath=".\zone" Include="ge_core_frontend.xpak" /> 
	<FileGroup DestinationPath=".\zone" SourcePath=".\zone" Include="ge_core_frontend_patch.ff" /> 
	<FileGroup DestinationPath=".\zone" SourcePath=".\zone" Include="ge_core_frontend_patch.xpak" /> 
	<FileGroup DestinationPath=".\zone" SourcePath=".\zone" Include="ge_core_gfx.ff" /> 
	<FileGroup DestinationPath=".\zone" SourcePath=".\zone" Include="ge_core_patch.ff" /> 
	<FileGroup DestinationPath=".\zone" SourcePath=".\zone" Include="ge_core_post_gfx.ff" /> 
	<FileGroup DestinationPath=".\zone" SourcePath=".\zone" Include="ge_core_pre_gfx.ff" /> 
	<FileGroup DestinationPath=".\zone" SourcePath=".\zone" Include="ge_core_specialists.ff" /> 
	<FileGroup DestinationPath=".\zone" SourcePath=".\zone" Include="ge_core_specialists.xpak" /> 
	<FileGroup DestinationPath=".\zone" SourcePath=".\zone" Include="ge_core_ui.ff" /> 
	<FileGroup DestinationPath=".\zone" SourcePath=".\zone" Include="ge_initial.xpak" /> 
    <FileGroup DestinationPath=".\zone" SourcePath=".\zone" Include="ge_base.xpak" /> 
	<FileGroup DestinationPath="." SourcePath=".\raw\german\localizedstrings" Include="localization_ge.txt" />	
  </Chunk>
  <Chunk Id="1050" Languages="en">
	<FileGroup DestinationPath=".\zone" SourcePath=".\zone" Include="en_core_all.ff" /> 
	<FileGroup DestinationPath=".\zone" SourcePath=".\zone" Include="en_core_common.ff" /> 
	<FileGroup DestinationPath=".\zone" SourcePath=".\zone" Include="en_core_common.xpak" /> 
	<FileGroup DestinationPath=".\zone" SourcePath=".\zone" Include="en_core_frontend.ff" /> 
	<FileGroup DestinationPath=".\zone" SourcePath=".\zone" Include="en_core_frontend.xpak" /> 
	<FileGroup DestinationPath=".\zone" SourcePath=".\zone" Include="en_core_frontend_patch.ff" /> 
	<FileGroup DestinationPath=".\zone" SourcePath=".\zone" Include="en_core_frontend_patch.xpak" /> 
	<FileGroup DestinationPath=".\zone" SourcePath=".\zone" Include="en_core_gfx.ff" /> 
	<FileGroup DestinationPath=".\zone" SourcePath=".\zone" Include="en_core_patch.ff" /> 
	<FileGroup DestinationPath=".\zone" SourcePath=".\zone" Include="en_core_post_gfx.ff" /> 
	<FileGroup DestinationPath=".\zone" SourcePath=".\zone" Include="en_core_pre_gfx.ff" /> 
	<FileGroup DestinationPath=".\zone" SourcePath=".\zone" Include="en_core_specialists.ff" /> 
	<FileGroup DestinationPath=".\zone" SourcePath=".\zone" Include="en_core_specialists.xpak" /> 
	<FileGroup DestinationPath=".\zone" SourcePath=".\zone" Include="en_core_ui.ff" /> 
	<FileGroup DestinationPath=".\zone" SourcePath=".\zone" Include="en_initial.xpak" /> 
    <FileGroup DestinationPath=".\zone" SourcePath=".\zone" Include="en_base.xpak" /> 
	<FileGroup DestinationPath="." SourcePath=".\raw\english\localizedstrings" Include="localization_en.txt" />	
  </Chunk>
  <Chunk Id="1500" Languages="fr">
	<FileGroup DestinationPath=".\zone" SourcePath=".\zone" Include="fr_core_all.ff" /> 
	<FileGroup DestinationPath=".\zone" SourcePath=".\zone" Include="fr_core_common.ff" /> 
	<FileGroup DestinationPath=".\zone" SourcePath=".\zone" Include="fr_core_common.xpak" /> 
	<FileGroup DestinationPath=".\zone" SourcePath=".\zone" Include="fr_core_frontend.ff" /> 
	<FileGroup DestinationPath=".\zone" SourcePath=".\zone" Include="fr_core_frontend.xpak" /> 
	<FileGroup DestinationPath=".\zone" SourcePath=".\zone" Include="fr_core_frontend_patch.ff" /> 
	<FileGroup DestinationPath=".\zone" SourcePath=".\zone" Include="fr_core_frontend_patch.xpak" /> 
	<FileGroup DestinationPath=".\zone" SourcePath=".\zone" Include="fr_core_gfx.ff" /> 
	<FileGroup DestinationPath=".\zone" SourcePath=".\zone" Include="fr_core_patch.ff" /> 
	<FileGroup DestinationPath=".\zone" SourcePath=".\zone" Include="fr_core_post_gfx.ff" /> 
	<FileGroup DestinationPath=".\zone" SourcePath=".\zone" Include="fr_core_pre_gfx.ff" /> 
	<FileGroup DestinationPath=".\zone" SourcePath=".\zone" Include="fr_core_specialists.ff" /> 
	<FileGroup DestinationPath=".\zone" SourcePath=".\zone" Include="fr_core_specialists.xpak" /> 
	<FileGroup DestinationPath=".\zone" SourcePath=".\zone" Include="fr_core_ui.ff" /> 
	<FileGroup DestinationPath=".\zone" SourcePath=".\zone" Include="fr_initial.xpak" /> 
    <FileGroup DestinationPath=".\zone" SourcePath=".\zone" Include="fr_base.xpak" /> 
	<FileGroup DestinationPath=".\zone\snd\fr" SourcePath=".\zone\snd\fr" Include="core_frontend.fr.sabl" /> 
	<FileGroup DestinationPath=".\zone\snd\fr" SourcePath=".\zone\snd\fr" Include="core_frontend.fr.sabs" /> 
	<FileGroup DestinationPath=".\zone\snd\fr" SourcePath=".\zone\snd\fr" Include="core_frontend_patch.fr.sabl" /> 
	<FileGroup DestinationPath=".\zone\snd\fr" SourcePath=".\zone\snd\fr" Include="core_frontend_patch.fr.sabs" /> 
	<FileGroup DestinationPath=".\zone\snd\fr" SourcePath=".\zone\snd\fr" Include="core_patch.fr.sabl" /> 
	<FileGroup DestinationPath=".\zone\snd\fr" SourcePath=".\zone\snd\fr" Include="core_patch.fr.sabs" /> 
	<FileGroup DestinationPath=".\zone\snd\fr" SourcePath=".\zone\snd\fr" Include="core_post_gfx.fr.sabl" /> 
	<FileGroup DestinationPath=".\zone\snd\fr" SourcePath=".\zone\snd\fr" Include="core_post_gfx.fr.sabs" /> 
	<FileGroup DestinationPath=".\zone\snd\fr" SourcePath=".\zone\snd\fr" Include="core_ui.fr.sabl" /> 
	<FileGroup DestinationPath=".\zone\snd\fr" SourcePath=".\zone\snd\fr" Include="core_ui.fr.sabs" />
	<FileGroup DestinationPath="." SourcePath=".\raw\french\localizedstrings" Include="localization_fr.txt" />	
  </Chunk>
  <Chunk Id="1600" Languages="it-IT">
	<FileGroup DestinationPath=".\zone" SourcePath=".\zone" Include="it_core_all.ff" /> 
	<FileGroup DestinationPath=".\zone" SourcePath=".\zone" Include="it_core_common.ff" /> 
	<FileGroup DestinationPath=".\zone" SourcePath=".\zone" Include="it_core_common.xpak" /> 
	<FileGroup DestinationPath=".\zone" SourcePath=".\zone" Include="it_core_frontend.ff" /> 
	<FileGroup DestinationPath=".\zone" SourcePath=".\zone" Include="it_core_frontend.xpak" /> 
	<FileGroup DestinationPath=".\zone" SourcePath=".\zone" Include="it_core_frontend_patch.ff" /> 
	<FileGroup DestinationPath=".\zone" SourcePath=".\zone" Include="it_core_frontend_patch.xpak" /> 
	<FileGroup DestinationPath=".\zone" SourcePath=".\zone" Include="it_core_gfx.ff" /> 
	<FileGroup DestinationPath=".\zone" SourcePath=".\zone" Include="it_core_patch.ff" /> 
	<FileGroup DestinationPath=".\zone" SourcePath=".\zone" Include="it_core_post_gfx.ff" /> 
	<FileGroup DestinationPath=".\zone" SourcePath=".\zone" Include="it_core_pre_gfx.ff" /> 
	<FileGroup DestinationPath=".\zone" SourcePath=".\zone" Include="it_core_specialists.ff" /> 
	<FileGroup DestinationPath=".\zone" SourcePath=".\zone" Include="it_core_specialists.xpak" /> 
	<FileGroup DestinationPath=".\zone" SourcePath=".\zone" Include="it_core_ui.ff" /> 
	<FileGroup DestinationPath=".\zone" SourcePath=".\zone" Include="it_initial.xpak" /> 
    <FileGroup DestinationPath=".\zone" SourcePath=".\zone" Include="it_base.xpak" /> 	
	<FileGroup DestinationPath=".\zone\snd\it" SourcePath=".\zone\snd\it" Include="core_frontend.it.sabl" /> 
	<FileGroup DestinationPath=".\zone\snd\it" SourcePath=".\zone\snd\it" Include="core_frontend.it.sabs" /> 
	<FileGroup DestinationPath=".\zone\snd\it" SourcePath=".\zone\snd\it" Include="core_frontend_patch.it.sabl" /> 
	<FileGroup DestinationPath=".\zone\snd\it" SourcePath=".\zone\snd\it" Include="core_frontend_patch.it.sabs" /> 
	<FileGroup DestinationPath=".\zone\snd\it" SourcePath=".\zone\snd\it" Include="core_patch.it.sabl" /> 
	<FileGroup DestinationPath=".\zone\snd\it" SourcePath=".\zone\snd\it" Include="core_patch.it.sabs" /> 
	<FileGroup DestinationPath=".\zone\snd\it" SourcePath=".\zone\snd\it" Include="core_post_gfx.it.sabl" /> 
	<FileGroup DestinationPath=".\zone\snd\it" SourcePath=".\zone\snd\it" Include="core_post_gfx.it.sabs" /> 
	<FileGroup DestinationPath=".\zone\snd\it" SourcePath=".\zone\snd\it" Include="core_ui.it.sabl" /> 
	<FileGroup DestinationPath=".\zone\snd\it" SourcePath=".\zone\snd\it" Include="core_ui.it.sabs" />
	<FileGroup DestinationPath="." SourcePath=".\raw\italian\localizedstrings" Include="localization_it.txt" />	
  </Chunk>
  <Chunk Id="1700" Languages="ja-JP">
	<FileGroup DestinationPath=".\zone" SourcePath=".\zone" Include="ja_core_all.ff" /> 
	<FileGroup DestinationPath=".\zone" SourcePath=".\zone" Include="ja_core_common.ff" /> 
	<FileGroup DestinationPath=".\zone" SourcePath=".\zone" Include="ja_core_common.xpak" /> 
	<FileGroup DestinationPath=".\zone" SourcePath=".\zone" Include="ja_core_frontend.ff" /> 
	<FileGroup DestinationPath=".\zone" SourcePath=".\zone" Include="ja_core_frontend.xpak" /> 
	<FileGroup DestinationPath=".\zone" SourcePath=".\zone" Include="ja_core_frontend_patch.ff" /> 
	<!-- <FileGroup DestinationPath=".\zone" SourcePath=".\zone" Include="ja_core_frontend_patch.xpak" /> -->
	<FileGroup DestinationPath=".\zone" SourcePath=".\zone" Include="ja_core_gfx.ff" /> 
	<FileGroup DestinationPath=".\zone" SourcePath=".\zone" Include="ja_core_patch.ff" /> 
	<FileGroup DestinationPath=".\zone" SourcePath=".\zone" Include="ja_core_post_gfx.ff" /> 
	<FileGroup DestinationPath=".\zone" SourcePath=".\zone" Include="ja_core_pre_gfx.ff" /> 
	<FileGroup DestinationPath=".\zone" SourcePath=".\zone" Include="ja_core_specialists.ff" /> 
	<!-- <FileGroup DestinationPath=".\zone" SourcePath=".\zone" Include="ja_core_specialists.xpak" /> -->
	<FileGroup DestinationPath=".\zone" SourcePath=".\zone" Include="ja_core_ui.ff" /> 
	<FileGroup DestinationPath=".\zone" SourcePath=".\zone" Include="ja_initial.xpak" /> 
    <FileGroup DestinationPath=".\zone" SourcePath=".\zone" Include="ja_base.xpak" /> 
	<FileGroup DestinationPath="." SourcePath=".\raw\japanese\localizedstrings" Include="localization_ja.txt" />	
  </Chunk>
  <Chunk Id="1200" Languages="es-ES">
	<FileGroup DestinationPath=".\zone" SourcePath=".\zone" Include="es_core_all.ff" /> 
	<FileGroup DestinationPath=".\zone" SourcePath=".\zone" Include="es_core_common.ff" /> 
	<FileGroup DestinationPath=".\zone" SourcePath=".\zone" Include="es_core_common.xpak" /> 
	<FileGroup DestinationPath=".\zone" SourcePath=".\zone" Include="es_core_frontend.ff" /> 
	<FileGroup DestinationPath=".\zone" SourcePath=".\zone" Include="es_core_frontend.xpak" /> 
	<FileGroup DestinationPath=".\zone" SourcePath=".\zone" Include="es_core_frontend_patch.ff" /> 
	<FileGroup DestinationPath=".\zone" SourcePath=".\zone" Include="es_core_frontend_patch.xpak" /> 
	<FileGroup DestinationPath=".\zone" SourcePath=".\zone" Include="es_core_gfx.ff" /> 
	<FileGroup DestinationPath=".\zone" SourcePath=".\zone" Include="es_core_patch.ff" /> 
	<FileGroup DestinationPath=".\zone" SourcePath=".\zone" Include="es_core_post_gfx.ff" /> 
	<FileGroup DestinationPath=".\zone" SourcePath=".\zone" Include="es_core_pre_gfx.ff" /> 
	<FileGroup DestinationPath=".\zone" SourcePath=".\zone" Include="es_core_specialists.ff" /> 
	<FileGroup DestinationPath=".\zone" SourcePath=".\zone" Include="es_core_specialists.xpak" /> 
	<FileGroup DestinationPath=".\zone" SourcePath=".\zone" Include="es_core_ui.ff" /> 
	<FileGroup DestinationPath=".\zone" SourcePath=".\zone" Include="es_initial.xpak" /> 
    <FileGroup DestinationPath=".\zone" SourcePath=".\zone" Include="es_base.xpak" /> 	
	<FileGroup DestinationPath=".\zone\snd\es" SourcePath=".\zone\snd\es" Include="core_frontend.es.sabl" /> 
	<FileGroup DestinationPath=".\zone\snd\es" SourcePath=".\zone\snd\es" Include="core_frontend.es.sabs" /> 
	<FileGroup DestinationPath=".\zone\snd\es" SourcePath=".\zone\snd\es" Include="core_frontend_patch.es.sabl" /> 
	<FileGroup DestinationPath=".\zone\snd\es" SourcePath=".\zone\snd\es" Include="core_frontend_patch.es.sabs" /> 
	<FileGroup DestinationPath=".\zone\snd\es" SourcePath=".\zone\snd\es" Include="core_patch.es.sabl" /> 
	<FileGroup DestinationPath=".\zone\snd\es" SourcePath=".\zone\snd\es" Include="core_patch.es.sabs" /> 
	<FileGroup DestinationPath=".\zone\snd\es" SourcePath=".\zone\snd\es" Include="core_post_gfx.es.sabl" /> 
	<FileGroup DestinationPath=".\zone\snd\es" SourcePath=".\zone\snd\es" Include="core_post_gfx.es.sabs" /> 
	<FileGroup DestinationPath=".\zone\snd\es" SourcePath=".\zone\snd\es" Include="core_ui.es.sabl" /> 
	<FileGroup DestinationPath=".\zone\snd\es" SourcePath=".\zone\snd\es" Include="core_ui.es.sabs" />
	<FileGroup DestinationPath="." SourcePath=".\raw\spanish\localizedstrings" Include="localization_es.txt" />	
  </Chunk>
  <Chunk Id="1800" Languages="pt-BR">
	<FileGroup DestinationPath=".\zone" SourcePath=".\zone" Include="bp_core_all.ff" /> 
	<FileGroup DestinationPath=".\zone" SourcePath=".\zone" Include="bp_core_common.ff" /> 
	<FileGroup DestinationPath=".\zone" SourcePath=".\zone" Include="bp_core_common.xpak" /> 
	<FileGroup DestinationPath=".\zone" SourcePath=".\zone" Include="bp_core_frontend.ff" /> 
	<FileGroup DestinationPath=".\zone" SourcePath=".\zone" Include="bp_core_frontend.xpak" /> 
	<FileGroup DestinationPath=".\zone" SourcePath=".\zone" Include="bp_core_frontend_patch.ff" /> 
	<FileGroup DestinationPath=".\zone" SourcePath=".\zone" Include="bp_core_frontend_patch.xpak" /> 
	<FileGroup DestinationPath=".\zone" SourcePath=".\zone" Include="bp_core_gfx.ff" /> 
	<FileGroup DestinationPath=".\zone" SourcePath=".\zone" Include="bp_core_patch.ff" /> 
	<FileGroup DestinationPath=".\zone" SourcePath=".\zone" Include="bp_core_post_gfx.ff" /> 
	<FileGroup DestinationPath=".\zone" SourcePath=".\zone" Include="bp_core_pre_gfx.ff" /> 
	<FileGroup DestinationPath=".\zone" SourcePath=".\zone" Include="bp_core_specialists.ff" /> 
	<FileGroup DestinationPath=".\zone" SourcePath=".\zone" Include="bp_core_specialists.xpak" /> 
	<FileGroup DestinationPath=".\zone" SourcePath=".\zone" Include="bp_core_ui.ff" /> 
	<FileGroup DestinationPath=".\zone" SourcePath=".\zone" Include="bp_initial.xpak" /> 
    <FileGroup DestinationPath=".\zone" SourcePath=".\zone" Include="bp_base.xpak" /> 
	<FileGroup DestinationPath=".\zone\snd\bp" SourcePath=".\zone\snd\bp" Include="core_frontend.bp.sabl" /> 
	<FileGroup DestinationPath=".\zone\snd\bp" SourcePath=".\zone\snd\bp" Include="core_frontend.bp.sabs" /> 
	<FileGroup DestinationPath=".\zone\snd\bp" SourcePath=".\zone\snd\bp" Include="core_frontend_patch.bp.sabl" /> 
	<FileGroup DestinationPath=".\zone\snd\bp" SourcePath=".\zone\snd\bp" Include="core_frontend_patch.bp.sabs" /> 
	<FileGroup DestinationPath=".\zone\snd\bp" SourcePath=".\zone\snd\bp" Include="core_patch.bp.sabl" /> 
	<FileGroup DestinationPath=".\zone\snd\bp" SourcePath=".\zone\snd\bp" Include="core_patch.bp.sabs" /> 
	<FileGroup DestinationPath=".\zone\snd\bp" SourcePath=".\zone\snd\bp" Include="core_post_gfx.bp.sabl" /> 
	<FileGroup DestinationPath=".\zone\snd\bp" SourcePath=".\zone\snd\bp" Include="core_post_gfx.bp.sabs" /> 
	<FileGroup DestinationPath=".\zone\snd\bp" SourcePath=".\zone\snd\bp" Include="core_ui.bp.sabl" /> 
	<FileGroup DestinationPath=".\zone\snd\bp" SourcePath=".\zone\snd\bp" Include="core_ui.bp.sabs" />
	<FileGroup DestinationPath="." SourcePath=".\raw\portuguese\localizedstrings" Include="localization_bp.txt" />		
  </Chunk>
  <Chunk Id="1900" Languages="zh-HK">
	<FileGroup DestinationPath=".\zone" SourcePath=".\zone" Include="tc_core_all.ff" /> 
	<FileGroup DestinationPath=".\zone" SourcePath=".\zone" Include="tc_core_common.ff" /> 
	<FileGroup DestinationPath=".\zone" SourcePath=".\zone" Include="tc_core_common.xpak" /> 
	<FileGroup DestinationPath=".\zone" SourcePath=".\zone" Include="tc_core_frontend.ff" /> 
	<FileGroup DestinationPath=".\zone" SourcePath=".\zone" Include="tc_core_frontend.xpak" /> 
	<FileGroup DestinationPath=".\zone" SourcePath=".\zone" Include="tc_core_frontend_patch.ff" /> 
	<FileGroup DestinationPath=".\zone" SourcePath=".\zone" Include="tc_core_frontend_patch.xpak" /> 
	<FileGroup DestinationPath=".\zone" SourcePath=".\zone" Include="tc_core_gfx.ff" /> 
	<FileGroup DestinationPath=".\zone" SourcePath=".\zone" Include="tc_core_patch.ff" /> 
	<FileGroup DestinationPath=".\zone" SourcePath=".\zone" Include="tc_core_post_gfx.ff" /> 
	<FileGroup DestinationPath=".\zone" SourcePath=".\zone" Include="tc_core_pre_gfx.ff" /> 
	<FileGroup DestinationPath=".\zone" SourcePath=".\zone" Include="tc_core_specialists.ff" /> 
	<FileGroup DestinationPath=".\zone" SourcePath=".\zone" Include="tc_core_specialists.xpak" /> 
	<FileGroup DestinationPath=".\zone" SourcePath=".\zone" Include="tc_core_ui.ff" /> 
	<FileGroup DestinationPath=".\zone" SourcePath=".\zone" Include="tc_initial.xpak" /> 
    <FileGroup DestinationPath=".\zone" SourcePath=".\zone" Include="tc_base.xpak" /> 
	<FileGroup DestinationPath="." SourcePath=".\raw\traditionalchinese\localizedstrings" Include="localization_tc.txt" />	
  </Chunk>
  <Chunk Id="2000" Languages="zh-SG">
	<FileGroup DestinationPath=".\zone" SourcePath=".\zone" Include="sc_core_all.ff" /> 
	<FileGroup DestinationPath=".\zone" SourcePath=".\zone" Include="sc_core_common.ff" /> 
	<FileGroup DestinationPath=".\zone" SourcePath=".\zone" Include="sc_core_common.xpak" /> 
	<FileGroup DestinationPath=".\zone" SourcePath=".\zone" Include="sc_core_frontend.ff" /> 
	<FileGroup DestinationPath=".\zone" SourcePath=".\zone" Include="sc_core_frontend.xpak" /> 
	<FileGroup DestinationPath=".\zone" SourcePath=".\zone" Include="sc_core_frontend_patch.ff" /> 
	<FileGroup DestinationPath=".\zone" SourcePath=".\zone" Include="sc_core_frontend_patch.xpak" /> 
	<FileGroup DestinationPath=".\zone" SourcePath=".\zone" Include="sc_core_gfx.ff" /> 
	<FileGroup DestinationPath=".\zone" SourcePath=".\zone" Include="sc_core_patch.ff" /> 
	<FileGroup DestinationPath=".\zone" SourcePath=".\zone" Include="sc_core_post_gfx.ff" /> 
	<FileGroup DestinationPath=".\zone" SourcePath=".\zone" Include="sc_core_pre_gfx.ff" /> 
	<FileGroup DestinationPath=".\zone" SourcePath=".\zone" Include="sc_core_specialists.ff" /> 
	<FileGroup DestinationPath=".\zone" SourcePath=".\zone" Include="sc_core_specialists.xpak" /> 
	<FileGroup DestinationPath=".\zone" SourcePath=".\zone" Include="sc_core_ui.ff" /> 
	<FileGroup DestinationPath=".\zone" SourcePath=".\zone" Include="sc_initial.xpak" /> 
    <FileGroup DestinationPath=".\zone" SourcePath=".\zone" Include="sc_base.xpak" /> 
	<FileGroup DestinationPath="." SourcePath=".\raw\simplifiedchinese\localizedstrings" Include="localization_sc.txt" />	
  </Chunk>
  <Chunk Id="2100" Languages="ru-RU">
	<FileGroup DestinationPath=".\zone" SourcePath=".\zone" Include="ru_core_all.ff" /> 
	<FileGroup DestinationPath=".\zone" SourcePath=".\zone" Include="ru_core_common.ff" /> 
	<FileGroup DestinationPath=".\zone" SourcePath=".\zone" Include="ru_core_common.xpak" /> 
	<FileGroup DestinationPath=".\zone" SourcePath=".\zone" Include="ru_core_frontend.ff" /> 
	<FileGroup DestinationPath=".\zone" SourcePath=".\zone" Include="ru_core_frontend.xpak" /> 
	<FileGroup DestinationPath=".\zone" SourcePath=".\zone" Include="ru_core_frontend_patch.ff" /> 
	<FileGroup DestinationPath=".\zone" SourcePath=".\zone" Include="ru_core_frontend_patch.xpak" /> 
	<FileGroup DestinationPath=".\zone" SourcePath=".\zone" Include="ru_core_gfx.ff" /> 
	<FileGroup DestinationPath=".\zone" SourcePath=".\zone" Include="ru_core_patch.ff" /> 
	<FileGroup DestinationPath=".\zone" SourcePath=".\zone" Include="ru_core_post_gfx.ff" /> 
	<FileGroup DestinationPath=".\zone" SourcePath=".\zone" Include="ru_core_pre_gfx.ff" /> 
	<FileGroup DestinationPath=".\zone" SourcePath=".\zone" Include="ru_core_specialists.ff" /> 
	<FileGroup DestinationPath=".\zone" SourcePath=".\zone" Include="ru_core_specialists.xpak" /> 
	<FileGroup DestinationPath=".\zone" SourcePath=".\zone" Include="ru_core_ui.ff" /> 
	<FileGroup DestinationPath=".\zone" SourcePath=".\zone" Include="ru_initial.xpak" /> 
    <FileGroup DestinationPath=".\zone" SourcePath=".\zone" Include="ru_base.xpak" /> 
	<FileGroup DestinationPath=".\zone\snd\ru" SourcePath=".\zone\snd\ru" Include="core_frontend.ru.sabl" /> 
	<FileGroup DestinationPath=".\zone\snd\ru" SourcePath=".\zone\snd\ru" Include="core_frontend.ru.sabs" /> 
	<FileGroup DestinationPath=".\zone\snd\ru" SourcePath=".\zone\snd\ru" Include="core_frontend_patch.ru.sabl" /> 
	<FileGroup DestinationPath=".\zone\snd\ru" SourcePath=".\zone\snd\ru" Include="core_frontend_patch.ru.sabs" /> 
	<FileGroup DestinationPath=".\zone\snd\ru" SourcePath=".\zone\snd\ru" Include="core_patch.ru.sabl" /> 
	<FileGroup DestinationPath=".\zone\snd\ru" SourcePath=".\zone\snd\ru" Include="core_patch.ru.sabs" /> 
	<FileGroup DestinationPath=".\zone\snd\ru" SourcePath=".\zone\snd\ru" Include="core_post_gfx.ru.sabl" /> 
	<FileGroup DestinationPath=".\zone\snd\ru" SourcePath=".\zone\snd\ru" Include="core_post_gfx.ru.sabs" /> 
	<FileGroup DestinationPath=".\zone\snd\ru" SourcePath=".\zone\snd\ru" Include="core_ui.ru.sabl" /> 
	<FileGroup DestinationPath=".\zone\snd\ru" SourcePath=".\zone\snd\ru" Include="core_ui.ru.sabs" />
	<FileGroup DestinationPath="." SourcePath=".\raw\russian\localizedstrings" Include="localization_ru.txt" />		
  </Chunk>
  <Chunk Id="3000" Languages="pl-PL">
	<FileGroup DestinationPath=".\zone" SourcePath=".\zone" Include="po_core_all.ff" /> 
	<FileGroup DestinationPath=".\zone" SourcePath=".\zone" Include="po_core_common.ff" /> 
	<FileGroup DestinationPath=".\zone" SourcePath=".\zone" Include="po_core_common.xpak" /> 
	<FileGroup DestinationPath=".\zone" SourcePath=".\zone" Include="po_core_frontend.ff" /> 
	<FileGroup DestinationPath=".\zone" SourcePath=".\zone" Include="po_core_frontend.xpak" /> 
	<FileGroup DestinationPath=".\zone" SourcePath=".\zone" Include="po_core_frontend_patch.ff" /> 
	<FileGroup DestinationPath=".\zone" SourcePath=".\zone" Include="po_core_frontend_patch.xpak" /> 
	<FileGroup DestinationPath=".\zone" SourcePath=".\zone" Include="po_core_gfx.ff" /> 
	<FileGroup DestinationPath=".\zone" SourcePath=".\zone" Include="po_core_patch.ff" /> 
	<FileGroup DestinationPath=".\zone" SourcePath=".\zone" Include="po_core_post_gfx.ff" /> 
	<FileGroup DestinationPath=".\zone" SourcePath=".\zone" Include="po_core_pre_gfx.ff" /> 
	<FileGroup DestinationPath=".\zone" SourcePath=".\zone" Include="po_core_specialists.ff" /> 
	<FileGroup DestinationPath=".\zone" SourcePath=".\zone" Include="po_core_specialists.xpak" /> 
	<FileGroup DestinationPath=".\zone" SourcePath=".\zone" Include="po_core_ui.ff" /> 
	<FileGroup DestinationPath=".\zone" SourcePath=".\zone" Include="po_initial.xpak" /> 
    <FileGroup DestinationPath=".\zone" SourcePath=".\zone" Include="po_base.xpak" />
	<FileGroup DestinationPath="." SourcePath=".\raw\polish\localizedstrings" Include="localization_po.txt" />	
  </Chunk>
</Package>

